{
    "vertices":[1,-1,-1,1,-1,1,-1,-1,1,-1,-1,-1,1,1,-1,0.999999,1,1,-1,1,1,-1,1,-1],
    "faces":[33,0,1,2,3,0,0,0,0,33,4,7,6,5,1,1,1,1,33,0,4,5,1,2,2,2,2,33,1,5,6,2,3,3,3,3,33,2,6,7,3,4,4,4,4,33,4,0,3,7,5,5,5,5],
    "metadata":{
        "type":"Geometry",
        "vertices":8,
        "faces":6,
        "generator":"io_three",
        "version":3,
        "uvs":0,
        "normals":6
    },
    "uvs":[],
    "name":"CubeGeometry",
    "normals":[-5.32907e-15,2.98023e-08,1,1.06581e-14,-2.98023e-08,-1,1,2.83122e-07,-4.47034e-08,-2.83122e-07,1,7.45059e-08,-1,-2.23517e-07,1.3411e-07,2.38419e-07,-1,-1.78814e-07]
}